{"cameraMode":{"drawMode":0,"name":"Shaded","section":"Shading Mode"},"sceneLighting":false,"audioPlay":false,"sceneViewState":{"showFog":true,"showMaterialUpdate":false,"showSkybox":false,"showFlares":true,"showImageEffects":true,"showParticleSystems":true,"showVisualEffectGraphs":true,"m_FxEnabled":true},"in2DMode":false,"pivot":{"x":0.02152836322784424,"y":0.034111976623535159,"z":27.243465423583986},"rotation":{"x":-0.14008457958698274,"y":-0.6916044354438782,"z":0.15464216470718385,"w":-0.6933538317680359},"size":1.0392342805862427,"orthographic":false}