{"cameraMode":{"drawMode":0,"name":"Shaded","section":"Shading Mode"},"sceneLighting":false,"audioPlay":false,"sceneViewState":{"showFog":true,"showMaterialUpdate":false,"showSkybox":false,"showFlares":true,"showImageEffects":true,"showParticleSystems":true,"showVisualEffectGraphs":true,"m_FxEnabled":true},"in2DMode":false,"pivot":{"x":-0.011307388544082642,"y":0.46672219038009646,"z":22.743688583374025},"rotation":{"x":0.10359556972980499,"y":-0.6967153549194336,"z":0.08212579041719437,"w":0.706881582736969},"size":2.4547369480133058,"orthographic":false}