{"cameraMode":{"drawMode":0,"name":"Shaded","section":"Shading Mode"},"sceneLighting":false,"audioPlay":false,"sceneViewState":{"showFog":true,"showMaterialUpdate":false,"showSkybox":false,"showFlares":true,"showImageEffects":true,"showParticleSystems":true},"in2DMode":false,"pivot":{"x":4.217341423034668,"y":-0.6683639287948608,"z":-7.644171714782715},"rotation":{"x":0.1054302379488945,"y":0.00015283429820556194,"z":0.00026629099738784134,"w":0.9945859313011169},"size":3.9014835357666017,"orthographic":false}